1,58352b63-40d0-47db-9872-e91c2ef58b7d
2,a1b6fc5a-0450-429c-ab47-f5370e35e8c9
3,2a791132-7327-4cd7-967f-db2b161415c3
4,60dc42bf-0309-4d89-89af-9f170a020b79
5,d08c7c3d-3653-4e7a-94d3-0b972e3e7e2e
6,823f580b-5eec-48ee-af96-c51741edf2b0
7,a1649a4d-66e3-4b5f-9c92-78211dbd36d2
8,85df4457-2ca4-4aa9-818a-1756c934982a
9,9b883549-6de6-4e90-b385-05291c20a57d
10,f7c2fcc5-c233-4ce0-8e92-3d4dcdf4c931
11,24cdcdec-60d9-4c6f-ad52-7a8e027ef1ae
12,9a3f4a1e-1ad3-4189-ac77-1aef90e9cf54
13,cf83fae7-ca82-4d40-89be-6de63ad7ebad
14,99d2154c-16b2-466c-b32a-aad664b3534c
15,ed0d9946-255d-4275-996c-1e42b3b83a66
16,d26f80a8-bbfb-4eec-a1f4-991568301b8c
17,7db8dc97-bc78-426d-ac38-7b5b8f0046cc
18,4b615efd-70cf-4e65-9f9b-cd19c28572a5
19,3fdab7c3-ce03-4f3a-8e17-d99d49b977d6
20,a0291790-6bb2-498d-b59c-784d9c8d1a4f
21,3c8c1522-c4e8-48f9-82ab-d8c343c17b9b
22,d34286f7-2424-486d-8410-a73326cae105
23,72bad292-a7e3-4770-9690-d8cca169b3a8
24,8b41733c-5c59-4933-bb4b-764b2c7f93e8
25,b0bda5e6-90e9-498b-a605-a0f70dc8190b
26,ebd89f59-6c92-4aa1-91a4-626c367843b5
27,5e0ed6ba-07ff-4783-b1f2-884ac1d82366
28,da0bf629-b093-411c-8b77-6b5814df4e25
29,e1f7a14f-8ab9-414a-9ceb-2e4d9b28455b
30,c21ac2f7-f3c9-4755-9932-e8af899899d0
31,874bf32f-6201-49b1-811b-fa4e3f5229a8
32,4ce08f1b-b727-4e0c-bf34-9c710fafbe54
33,3a52b962-5473-47dc-89e1-5b31b382da3d
34,992d0cac-7a69-4aa0-a3c6-10f645457ec5
35,b84eb25b-313b-4d5e-93f5-c34a302969ab
36,cc5d5dd7-55ba-429a-be39-484173e986a0
37,85c4a77c-e1fd-4e07-ac93-ef32b56a6ba0
38,e6a3fab2-bce4-44ef-a166-8eea234ab1ec
39,121c37e3-265e-4251-9e1e-3834e750166f
40,4c5f5164-79f2-4e51-9e76-4695da10f4cf

1,f174ea9e-247e-46f9-9156-76dd2b8c4b9e
2,c9f593d1-2939-4d95-979e-2ac0da75f300
3,4dd4559e-3a09-4ff2-ad20-22fc3ac89c96
4,73117df1-56e9-407b-8bc8-009e0539577a
5,a37a394d-2dac-4520-9523-efa1ee8aaee2
6,c397a3e8-13ff-4c83-8971-19019079557d
7,ddce06c3-4239-45ee-a296-7e85f5c26317
8,39215f8d-0695-442d-bde4-c9dda35503b3
9,da789b58-9e83-4239-8c1e-fdb2a6790a81
10,7a87a4b8-1844-448d-a911-1c5402d30d05
11,a7f551d6-ac6c-41a2-91d1-4d329e4dd77e
12,db93976e-2dd9-4603-ac03-347c7e62d08e
13,1598f991-aa1b-4b0b-aded-8e658d9a34f0
14,1d65870b-630a-435f-9eb5-dbf9060448b0
15,71c1f83a-00b3-4b33-8cfb-032cbe315192
16,c91dc452-0ec5-473d-916d-6dfa908badab
17,42350135-9c11-4505-baea-a62c5e58a054
18,b01ad171-5c36-448c-a600-8c3c2ee38a3c
19,e9ee32ed-dfed-4ff3-9afc-52b6c4f01f1d
20,d57f2e3a-136e-47d1-a74b-fcc9e93823d1
21,09cb331b-21d1-449c-a143-74baed673949
22,778ac0b4-f94b-4e39-8b99-ea9e9aa700f3
23,6099e5f4-915b-4cba-9b9f-62d685a1e14f
24,990b13b3-c562-462d-9f99-19cba3bd46ec
25,36f139dd-682b-42c8-aff6-f71750e0ac7c
26,1fcfea26-e30e-4c39-a932-fdcd0708317a
27,c0e8cdfe-ed16-4131-8929-409ae92a1475
28,46c03eb2-3e54-4c07-a910-8ab018a7153f
29,15e28c07-d3a4-4ae8-877d-bd4209b59def
30,4ab36128-48d7-445a-98d5-dd324ed95306
31,554134e3-eb5e-4979-97ae-9664170f5c47
32,21baa410-91c5-461f-bcb1-f731ddbca2ea
33,aae4b5a9-ff31-4725-9204-3d6314a766cb
34,57931561-8c55-42db-af3c-44c007f51d95
35,d77df502-896e-4188-87b0-8b3e779eb787
36,c892993e-145e-42c5-b4b5-662a76e7c728
37,999de11c-3652-41c8-8ae7-086c0bbb0ae3
38,ddb0a609-c0b9-4199-8653-8f053966f489
39,8127ad84-67c2-4c0d-9ae0-d5e896f31b2e
40,84d479d9-6ecf-4019-9027-13c038e9e549
41,9f6b92bc-f39a-4f19-99cf-a730b36f04f5
42,205dc759-3a29-4617-8dcf-b0d2748526e6
43,61f28879-d9cd-4fc2-bc32-d9b187d7d622
44,947f241f-cd4d-4f3f-ae1a-97bc1951a8ed
45,61e18c45-8353-42d2-ac28-1c9ca2a1eba2
46,b95b1522-6bd0-4142-87c5-6a15ea17fb30
47,0c2573a7-80ed-46b6-8cea-501e25b15b74
48,f68c7e07-7db3-4b4e-a92c-4bf2230c3d6c
49,2a1221e6-180d-4534-9b50-4e3d731c592e
50,8d0fc990-8e1c-4cb3-b730-b7655bc0297a
51,11f7c02d-c904-441f-91bb-e4cf4debb40e
52,d072e909-e6a3-49ec-b6de-d53350c35f36
53,80be328b-cf2d-4ccf-a0f5-78a2f124ecd6
54,c5111a4a-fe13-48ac-bbc6-3578fb4f3eed
55,2458b421-d3aa-460b-b6dd-7a5ff803ea95
56,4260d702-7c4c-4854-bb20-356cfa29ba01
57,134d36e7-0581-47d9-9401-73dddb53ab35
58,b8324394-4d7a-4aaf-a078-ba3d6787bb54
59,0f5eb88b-7054-466a-aed1-6a055493890a
60,27bdfde6-4a12-4039-b97b-6143f587f05d
61,7d245b34-8850-4d0c-aa3e-8e0474e21ff3
62,6ed2c6a4-e90e-4537-b011-4c83ef892f50
63,95c17b29-4372-40b6-b50a-62eef8b7ce70
64,86bcdc4e-f395-4f8e-a00f-e061ceaeca80
65,3b82cb82-8064-4d75-8b54-8dd71610337f
66,97eec02c-dc03-4866-b228-d7b058ba3fa6

1,4b85db28-cde9-4457-b531-07219f2ccb59
2,facdcb40-1b91-4063-827e-088d89a868cb
3,953fcb2b-378b-4cda-90ae-3f60ca1f93e2
4,d9525b72-80c1-42e0-bc5c-865bbec92ae3
5,5bce3ff2-4642-460e-b9d6-7d3552623056
6,c499ba72-e980-48c2-a54f-56ddc30e5843
7,1a57bc02-a470-4baa-8200-60aaa974ade2
8,42f15411-a093-4b8e-8c56-50f005841f27
9,fbac52bd-2f89-4766-9e72-2d138f79e5ba
10,910d2b24-0599-48cf-82b3-71c329e6d6a7
11,ab784bfc-2558-49f7-b897-6ff078eb6994
12,ccb17ed6-86cf-4c5c-81e0-bac1377c77c5
13,6c4906b0-5f90-4efd-86c1-f43abad285dd
14,68b894e7-990e-4b90-a198-e9a250a0d4ef
15,c531fc07-2286-4a4d-8f52-ffba771d41fc
16,7566652d-ef34-437c-be96-c8529201313a
17,5f1a36f0-eab3-434d-8392-5966e506696b
18,7b42cd5d-6276-4e0f-8cfd-ffb22bec5eb8
19,4ecdbbe3-8166-4900-9868-1495ac31e879
20,1fa73c70-8841-4a3e-a548-e8a9ecd3dd60
21,2234ed12-1916-4c06-b923-5cadaca94e59
22,87a514d7-45bb-49c9-b04c-798d7e4031b0
23,6fc1a1d1-6534-4603-af5e-35b1a5f5e316
24,b555c3a8-1d05-407c-92de-921cb54cbfe3
25,044b351a-3966-45a1-a8c6-58dea42c42ff
26,8d50f2b9-ec84-4382-ba6f-260d82b22707
27,db8c7764-8449-445b-ad77-67001b908047
28,16cf7e61-2a94-45d9-8778-ecb4587872b5
29,1c286f74-d260-4cc0-b1fe-0f38fee3ff1d
30,e3c9b5bb-ad4f-46e9-b16b-e39227f695ba
31,3cc80b9b-2c77-40bb-8994-6c4f3a6a48f4
32,263b0074-b54b-4b51-ba5c-b588941121f9
33,c5330528-a8b9-4e0c-a9a4-60889abf6b93
34,b3b02d8f-9bd9-4345-8460-95c43c88c04b

1,efa6f7a9-d256-42ed-a943-99fb395e920d
2,83717ab6-4d27-4f46-ba6b-fa691d42e44c
3,62126e84-a361-43b7-8be5-f6a89c8ba274
4,135105d9-58b1-4249-a5a9-ddcde7760825
5,b7efdbf3-ae2c-46d1-b607-8e49863ef874
6,3e374b22-0b93-484f-8b87-23c0180e8814
7,eb36da53-a3e0-439b-9df5-70ea53246073
8,f31f1d30-379a-461b-b0c1-b4443877ffa8
9,9c321ab5-5254-4f52-9f67-2b81b01e9fd3
10,8fd3b7b8-2fd9-4797-bf1a-fe7739fe200a
11,6f043fa4-1853-4db6-ae23-165d739e2203
12,68569595-f8ec-4716-8389-48ecfde186aa
13,dcba771c-366f-4602-921e-7df0263a5747
14,9d1a824d-57b3-40c4-85b6-3e0728b92e26
15,1a14fd5e-f5d3-4de3-8ada-5352962fec64
16,16d796b0-df9c-4536-94b1-d089800d4616
17,2b359c2a-7756-49de-9ee0-4d62dc2ad5c8
18,728b7f2a-fe29-4ec4-98af-523fbc38e3cd
19,cfec1a3d-0bdb-4532-bfef-11d80fa97aa9
20,3f195e76-f35e-4003-a9f1-e16c82d4511e
21,61171881-04ac-487a-b33a-1f4e18fce8cc
22,c2ed0bc9-53c1-4c6a-9c13-42839b86250c
23,260147e1-dc8f-4ef6-b1f2-587bbca0c620
24,629f68d7-58b3-445b-9232-a5403a57e483
25,40185636-afb9-4195-8c0d-01e16c8ec785
26,80f7e85c-66b5-4d43-a07c-a826c1324939
27,0128edfc-69d5-4210-a84a-3ffbba65bbdb
28,1837f687-2722-406c-9073-f95bcf9f2174
29,c78c281b-6183-43e3-92f2-d296560d6178
30,c1cd5265-44e2-4de5-b63a-ad0de5a4c50c
31,8d671ab7-7bde-41b7-b024-09648200352d
32,ad5fdfa1-83e2-4f6b-bdf6-054b3330ae58
33,5db01372-ac61-4a6b-aef6-f8118137a46c
34,921d3fab-3bc4-4896-9776-69919abf601a
35,51cdf865-bf07-4881-ad84-825655fc6560
36,999a43da-ae4b-4c93-8938-ca3672abbcc6
37,aa43bd39-4938-4e88-b5d1-51bc3c2f0c04
38,e62c514b-a45a-4c9b-8c78-4097956fa989
39,cecf93dd-5a76-486f-b593-b3f3b06f9ced
40,80674bf0-9ce8-4e08-b26b-d2eb3cd77527
41,e96dbbd8-338c-48e4-bda1-ba591ea7818b
42,984d79a6-d637-46fe-8403-39d0e7dabb83
43,85f37ef4-bfc1-4655-9189-e283c00c8708
44,3f7b7a4b-050a-4e39-8aec-10f34b5eaaa8
45,74385e01-8d4e-4621-b488-e23cfdc4e3d9
46,605e7c11-be48-44f3-a85c-b973f0cbb137
47,93be4967-93bf-4401-a8f0-680771230df2
48,2222169d-bb2b-4153-9e55-c5ad8fc5fdc5
49,45609650-1d80-4eb9-b0e7-31c820e13e61

1,a51e595b-a340-45d0-afc0-705e6e4e09fe
2,10283359-cc7d-4a65-b514-67a488a377d7
3,cd3cf859-1f35-427c-9ba3-8847adee8d13
4,908a0710-2a96-4017-a7a8-2d868a39b24f
5,84cc81a4-47fa-405c-9ddc-f6deeb1a15c6
6,7c2388a6-f2cd-4ecc-8796-237f42eb5888
7,d7d55094-91e9-44e7-8551-ed40d226620e
8,c7c12ae4-0605-406a-9aa9-797921ae0294
9,2cd9a5db-ea70-4340-8741-427574a68905
10,71795a44-11c6-4b72-af87-d0462eaa0180
11,b807a1a8-6896-4a37-870e-273fea06a051
12,8488268e-4ca2-4267-a132-7e433d1f624f
13,3d29b36c-1194-4ee1-8c9a-4b3357860c20
14,c6b5b90d-20b1-4534-b0bb-f2b1507aa326
15,2444a812-0fc2-4beb-a567-87651581e59d
16,1ef843c9-79f7-4373-a130-2d4f6c28d502
17,df43a1fc-7900-4e12-b234-f0106e06be9d
18,21aa76a3-5549-48de-ac15-5461ff4e52a3
19,dbcc06d5-eca1-4bcf-9115-1ef1aa744a36
20,1f57771e-6f9e-4c75-b309-582c1ec68c93
21,d9a87a79-c010-40d0-b8f9-5e75a11eed90
22,e511f661-f9d1-4c72-96db-25fe85f257d2
23,595b042a-17ca-4d4b-8a48-4f3b8bdc214c
24,2aef8c49-6bcd-4f3d-8f3d-4acfd3371980
25,a252da6f-c7b1-47d8-970f-fe5f5d2d718a
26,58db6b24-60b7-437e-9cb0-ab058d46ec8a
27,c7e71de1-d5a6-40a4-91e1-0b967cc19efb
28,18d755ed-edff-4723-a856-cbf206190d88
29,f9b03652-364f-4c8b-a80d-4e8e785eb07c
30,6b6bf8ea-3dd7-46b0-92db-6c2da76bdac4
31,04d34704-37b2-4700-92e6-b6df88330995
32,3008bbff-8911-4c03-bfc7-12aea30a6d0c
33,b46b59a0-d859-4c45-b0a1-291495e8229e
34,ac241481-f1af-400f-a9f3-029a6474b312
35,d62f3664-7760-47ea-a4ab-fa2fdab0ae82
36,ddf01137-364f-426f-b81e-f789e49283dd
37,8ec04c7e-ad85-4794-be61-b73664db1966
38,a8f407ef-dbc2-4e1f-bee8-011633271751
39,cce7bbd8-5f25-46eb-abe4-0f0095011e0d
40,768d355f-906f-4f23-a1e0-32a1ece36299
41,adb5afb8-cf69-4f64-b57f-5fad01f6a3a3
42,ddaab5f5-f425-4502-98b9-79d8d2a13574
43,1f560e90-621c-44ab-8618-38edc0dd610f
44,3000b3bd-4d08-4b94-97ae-2fb90af560e6
45,70c7a33f-4ebf-41e0-96d9-e5b5d1937b17
46,b603db3e-4b7b-4972-a9dc-93ee1367630c
47,1ef2ccd8-0158-42e8-a15a-ae501043e316
48,abb4501a-5dd1-43bc-89ed-9fb4016ba8f0
49,5ac7a5e1-79ee-4147-b222-4a6194346a11
50,59e4c611-02ab-4fe2-b889-4b8ad36d0adc
51,96993ff3-810d-4c81-aea6-a00ab39140d1
52,4c278d04-9fb5-4526-b6cb-4339a38e5032
53,5da3ca95-b5a1-410e-bb93-239aae917e79
54,fa8a03a8-b8ed-4a64-8a50-461bb0a7e938
55,03791802-0c15-4af9-8d7f-5440b617a132
56,1771950b-3f37-4b3e-8190-cff9cbadc5fd
57,fda4227b-690e-423a-aa3e-9b91e5e6e9e7
58,e29d297a-e1e8-4601-9ef7-8b3e240abc89
59,d3b53438-ad91-487a-a459-95861739d1ec
60,c98564ec-c175-4c65-bb6e-d9caa540354f
61,dc8e2479-e858-41cc-bd6a-dbfc830cbf09
62,cff65ed0-f4a6-4a31-aac0-d938c03a5158
63,cf07fb6e-606b-4072-b7a2-fcb54144cb40
64,29495f23-d81f-49d4-b6b2-ac9f997be6e7
65,2cabca84-3cd4-4a7f-908e-6d9d41311f48
66,b25ea7f4-7a2a-4967-9feb-2418545e05b6
67,ee6cb85c-184d-40f3-8ad7-861bb2d7e9f2
68,fdfae040-275b-4349-aae4-0d278438cd97
69,c71c4370-19ce-4091-a8d9-a9e6ba78767b
70,005e57a0-fbf3-4ab5-8aba-61123d83ea45
71,215d7d80-0676-464e-b6d8-8a85396b4b54
72,d92fb689-7851-4697-b35d-399e72894cfb
73,e95b00a5-adbd-49cc-9203-6fae2d673af1
74,62751499-9c67-4fc4-83a7-ddfdbda01212
75,d8616593-e9e8-483f-adb3-a83d8e9c06a7
76,037d3e15-ed47-45f8-8aff-7ad5dad886b3
77,f4b507c7-6fc9-4190-b121-65f23532b0c0
78,ae1eb204-f2ce-4700-a5f3-f453b73c3d4f
79,b15980fc-0297-418d-b57c-a70788991bc1
80,9fc96793-00c3-4a54-a4c7-53cb0727f9d6
81,74c6d269-e556-4e18-9405-4ba1d800a661
82,0ea29507-089b-4730-8eee-ff959b80dbd8
83,14e54254-2948-43bf-86b7-38dfa778d10c
84,5986af1f-c9b3-48fa-b201-685a3b2b0423
85,c79bcc37-f885-483d-9119-63abb01e95a5
86,1f6bcb16-bd3b-4312-93a5-31a262a3ae76
87,d8bcc9da-2506-4d00-a344-a98b15bd6223
88,f1d2079f-04a1-42f2-8989-dea4bca55797
89,f9fd714b-9f4c-4202-a38b-ad690f353d42
90,1578826e-7eff-4d06-890a-a06a8f79ba7e
91,094a8c60-1740-4b2a-b557-0e35179873bd
92,ab65f529-8910-488d-9429-879a2cac550c
93,c00220a6-15ce-4830-8627-4641cdd86424
94,bf221433-fae8-4d0d-933d-4fc73c82a8c3
95,45672039-f679-4eaf-8bd6-7a6a60eeca11
96,bb267646-6e30-49f8-a008-1fbe8da55066
97,5b634c3e-a8cf-49da-80a1-564839ed468a
98,3fc46b5f-2d61-4e98-b568-69b21cd48340
99,0316912e-065f-45c7-a6f1-7980f375f12c
100,0fdd0a01-1aff-44db-a4ff-1e76a450d52d
101,cfa584b1-bd4d-4e55-9c64-f7444bdbc0e0
102,28ff1c83-65a7-4180-932f-7eb0c6abb269
103,d93627f9-7d0c-41e9-9642-bd33bfe1365b
104,53ce9fa7-fc0e-469f-987d-7f80f0513c02
105,d9fe94ea-356b-407d-8f00-0b996abb44df
106,8fb73216-6772-446a-a59e-53eede26ec73
107,0ac04af2-78c7-4305-8a7c-4d0bce127aa6
108,bfa94325-b28a-4576-b057-cafcbfb40531
109,4271d106-955c-4f3d-a442-52835a31106c
110,2b1f55c1-361b-4f44-8098-0b27c9085e94

1,aa1915ab-befa-401c-94c5-056bee14a5e9
2,969d6a93-29c3-42ef-8c18-44b5db3dee33
3,189e9200-f990-43ba-a579-f0d9ede06ad3
4,052e0768-f132-4e18-afe5-0781f1317aed
5,a128d162-a76c-41b1-99ab-1dd8cdba8b62
6,2d8a52f6-61f0-4c99-83c3-e4a52a0aaf5d
7,6f1b507c-cb6d-4bb1-93f6-40edae0361d9
8,adadbc50-3688-4959-8446-2bbe8cfc19c8
9,39dc19df-7b22-41a4-80dc-fd84a8ad199f
10,7fa52a7a-afe1-481d-98b8-e8140a01257a
11,23058cf8-cc2f-431a-9c45-765ec05edab3
12,af848e0e-5fef-479f-bcab-6eee3c9f5665
13,6532d0fe-d015-4316-987b-183719d8b816
14,b489b8bf-7480-4222-a78c-23bc345abb08
15,cdbb27f5-3643-4beb-bd2d-dc5c076985ce
16,6ff3d58c-7f5f-4b0c-888c-32d29f25f683
17,9f22ec04-7eaf-45f4-bcab-dc630866955d
18,8f337dad-1597-426d-81f3-4c4567b7e508
19,3aab680f-0054-4be5-9871-b3e9222b3f2e
20,a87bb9f3-8137-4859-8ce5-46cd6d5d773f
21,dd04bf83-415d-467c-81c9-24921c868c10
22,4218a5bb-061c-4f2b-9052-4234c311d90a
23,0e5743c4-e843-426a-ad90-c3e468047200
24,0ab0ea55-0a42-40af-8c4d-3faad144c09e
25,ee597c89-a561-453c-a5e7-f6359db9a274
26,c42ed16a-3472-4aed-9fd5-db5238596390
27,041ec341-f455-4250-92d5-c49bfc7c3eb2
28,7226725a-23a8-4151-aa9f-3fde436bdcc2
29,3cb6c1a5-f395-48e3-94e5-001232252f16
30,58ff8ea2-b378-49d3-90d7-d96a34043796
31,9d6094fc-abb0-4c08-b8f2-bce092c3eae4
32,18935bf4-e78e-4ff0-a367-63951979ee29
33,1692f19a-4f10-46af-8a87-a15db3f6c0b1
34,c53cb812-72df-4376-80b1-bab068fe7485
35,abfeac40-3fc4-479e-a46b-51a0ae731726
36,72a5ebf6-c297-4964-ba2d-5ec36da31570
37,d498cb41-86f1-4dc7-a6fc-40690b0dfd2e
38,091d704d-1dba-4e36-b06b-0ad259c5395a
39,bf74b56e-b97d-46c2-a2c4-733f1da7e343
40,b9f3a3c3-212e-4cb9-90e2-510bfa3f1cf4
41,fe63d320-b4a9-4edd-b55e-e15e97dd5aa2
42,bb23948c-5f88-4bf4-a910-0e46950cffae
43,30cc4737-283e-4828-ac35-3f90b264603b
44,484df448-1713-4fc9-b5ce-16fbccb9716a
45,2ebcce73-da9a-4d9b-b00f-ea5f5af24ced
46,ef44cb41-c9c4-495e-b53a-c33a82cc2782
47,00883081-001d-4ece-a486-d00e1aa77455
48,ce1695f2-a86c-4b72-ba09-e52fadfa6941
49,6a37637d-ecf5-4c09-b25a-c38011cd9d15
50,dc33c379-0372-406d-b895-6430048bef75
51,ad98d7dd-b078-4135-a479-175c1ebbc969
52,97e98b3b-883e-45ed-8ef9-4af298e7a1fc
53,6bbfd1f9-b572-4cb9-8c35-292f3e89acfe
54,83d47765-01ae-4999-9b8c-a364406e7d57
55,da0d6b1c-d88d-4d82-b074-238d80fe6939
56,2abbbbb0-2555-4443-abc8-c3f11fef2bc4
57,afa62fd3-3f46-45c4-951c-925291e0c43a
58,836cd480-19fb-4983-bbcd-6d65feeb176c
59,b129bba0-88fa-4a3d-a324-97648f2087b5
60,3225b655-da6c-4a46-81c4-f9242784f711
61,35dc204e-f2fd-4da3-93f8-19b4dfcb0ff3
62,033626e8-0766-427d-a6a3-53f9d870c540
63,bacbe2c4-386c-4e2d-a21c-c7139d3b906d
64,1f1d1e3e-ef7e-4f45-a81a-8643928d7a5f
65,6dc305a2-c0b4-42f1-9a89-d94bb7f2d4ed
66,ebf951ef-a9da-4939-9860-a680098dfcb5
67,6a48920b-0fb1-48ae-9fb3-2e18daf907b2
68,604e8439-a940-4015-b0e6-0845fd9f6277
69,58b40f1f-b428-4fa6-80ab-ed51cc5e4b91
70,2d610284-0c40-4cce-93de-8692ded2a040
71,31cc0d25-4301-45cb-87b4-f67348a68632
72,1164edb6-2520-4ddd-ae59-59a4c3786a2d
73,2a722449-2683-41a3-b25f-563ee460bec2
74,b498ce80-dcc2-43f1-a96c-0c094635db4f
75,a413fb11-ed86-4458-88c3-bdacbe84c926
76,107a3aa3-1acd-4c72-af52-b4718ca2c47b
77,f2a58989-da86-4224-88a5-409df62d3d12
78,ac9d5ffc-1a2e-407d-b7c2-cb0dc6719d5c
79,7fb93031-937f-4882-bc4f-10a9fbfe0848
80,23a725b0-9a3d-4f92-867c-3e877e4e4fff
81,53fde2f0-ada3-41fb-b687-3a94ed70a988
82,a313da59-a8c8-440f-a69d-a5838ad25466
83,b77ae35c-233a-481e-9f44-470527a3930a
84,24368bcd-e62b-4277-bbab-611ff5fd3fc9
85,19d4bd05-8bab-40fa-9007-22ba5dde5286
86,c9fc857c-c5c7-4e62-8885-0a2be1a72987
87,4d98c33c-ebe6-4e8b-8791-8435d9a472be
88,94b473eb-1ebf-4131-afef-5910f6836f4c
89,6f2799da-b55d-498c-b101-b467f0b74837
90,8ccd0e82-2d77-4f3a-bcf1-cf7e23abc3c1
91,e79044a5-a5bf-497d-9714-0d772d3fbc28
92,9d51c4f6-edae-4036-84a5-913237c2f9a1
93,ef884db9-bb6b-4d84-94cf-bc45d5fa135d
94,ca112bc7-7dbb-4eed-a32f-d38398903391
95,fb6d6bf0-8a0e-4894-899d-257bade4ace6
96,d1c04788-ad0b-46d8-8582-a01dbc451323
97,7d28b303-618d-40de-9edf-9a3d22392907
98,b60dbec3-93c9-4380-ad45-bbc12e6c1e5b
99,97abfb57-403d-4754-9440-5d721879c86d
100,ba8fa622-c43e-41eb-bc19-3cd169274af5
101,2e8c34d2-27fa-42c5-a204-2813909a2200
102,90a81cfc-344c-4d03-ada7-404516c13e24
103,360c3190-bdbc-4151-a288-3563a1956171
104,3304cff5-e3b9-490d-beb0-51e06fbf9317
105,036da8ee-2030-4c5c-9a73-60d08b4d0fe5
106,40dfa61e-9d94-4004-a286-d26dc0ebcf85
107,dc997c88-3c88-479c-8ccb-48037ae303ed
108,29dfdcf6-521a-4169-a32d-df8b1fa1de14
109,405cba9f-d499-4148-aed4-854b5d593d2e
110,bbd9bcc2-52d9-42bc-a008-aff0340272df
111,a2b98466-a809-4318-9624-55c17563a390
112,37cda306-4934-4927-bf1e-21f6cc4d3ef9
113,04c5850e-6779-4e65-8fbb-079d43824ab6
114,4c5f7997-3ce6-4c53-8a4e-76817e6c412b
115,84404402-1863-46e6-a62a-517c1e138615
116,4f34e5e9-baed-45fd-b1fe-a0a0772f1e76
117,9e2d54d2-1295-436d-ac67-fcd7389fd398
118,2d9524e1-bedf-4ee8-b6f6-08064eeb6835
119,b6eebbb8-a151-419f-96b5-95b7735a1278
120,da53792e-f9bf-458c-a489-4c7466c671f3
121,a64f738d-e5cc-4a5a-8108-6d61740c3b69
122,dc480b60-27b7-4596-aa75-3fd1237b1522
123,d5eef64f-9c63-4da4-9ba2-4bc23f9b7bc5
124,bf2370f9-f575-4865-9bb4-6e93bd1e9053
125,cb40a022-e6a4-4719-bdd7-4edd6cbb8642
126,375e1cfc-62e4-4440-8df6-7a3f24357fde
127,4d30e6a4-4af5-4c43-bf43-6f1ca65a9394
128,4e0486c8-c036-4007-b3df-a820ffee83cf
129,76b6317e-d2b5-418b-b0a7-20ecdc54b872
130,82d0df62-f7b0-4e9b-af4b-0cb90fa29814
131,1d994157-d89b-4b79-8c71-55b6dc26918e
132,16709f5e-ab28-44d3-b0ed-3e25690aa96e
133,0c29a453-9773-4ae4-821a-67ce2daf5b44
134,b725c87d-d226-470b-8fc0-5a5dd16d4233
135,6dd9b393-00b8-4a04-83ff-6955ace76fbc

1,8499f1f1-c78e-437c-b1f7-8e14193509fc
2,b541e81e-f4f7-48f6-b257-6acf76a2dd9c
3,377bda7b-877e-4c11-897d-34c6f5916bab
4,fd1e9c45-8481-4339-bb53-ee5bd698c2e7
5,fcd5c2fd-a9ab-4f48-bb19-3d24cacfcfc6
6,8936e53e-4a68-4a1f-9e78-4fdd3342baa0
7,3216a8c8-8cc5-4b83-8d84-e9988c15e076
8,a59e18a8-2a69-4962-ac27-cc0b8029632f
9,b285d6c3-4b4f-4924-b7d2-1bb30f3dd0a1
10,7a3c97ab-51f7-45a3-82b6-c70d4a364b4f
11,a24ced85-88be-4035-bd34-fa66744c2daa
12,c5c00378-4761-445b-b60f-917c6fc5ae4e
13,2d49807c-699e-49c4-b76f-cc4142d66ab9
14,0a79cd94-d7e7-44d9-b2d2-1408d320d0f4
15,8d8eded2-aab3-4413-b720-d29bbb425874
16,6ce61614-86ae-462a-9dd5-761c9083b4eb
17,ce813adc-e02e-4415-826a-76b1486bfde8
18,1dc257d9-0014-474f-8bc9-75c87e216c2f
19,e3310287-df61-434f-aada-aecf91c58db5
20,0b128f52-4a9b-43dc-84d2-874d852eedf9
21,bf998e6e-a3c7-4fbc-be6f-e0790de85fa6
22,0843bef9-119e-47ce-a7ca-695885ac7acf
23,4f8299eb-1aff-4a06-9907-693be61d7d86
24,c1a16a61-8014-4baf-9138-45f80fefc1f6
25,059b269d-2db3-4e32-8fcb-bc5536d84468
26,b54762b0-7b90-4ff5-9ec0-14fbfd688438
27,66eb9fac-f753-41ef-b353-e32aeab97cd6
28,30557c25-1018-4242-a80e-af3634812825
29,6b0158e2-a700-492b-82b9-fccfa3043e81
30,f4ff5d72-1781-436a-b8f5-1ebe8e236784
31,ec5976b3-f54d-4357-b715-54b878a1a459
32,37ece2e0-5a92-4c14-81ab-297099091f78
33,09907ab7-2c6b-4d0d-85b8-287d552fff21
34,0bbccafd-4dd7-40e3-a48e-f7878b352fdb
35,091a95ed-d95e-412a-9a70-f6de507338c7
36,5bd271d7-6016-4f80-a661-25eedd92ea77
37,38dae483-bf99-4611-a3cf-d78fb8b5fa52
38,ff2c8156-36c2-4baf-880b-17d23e3c146a
39,23e31fd8-2a97-4e29-8069-a871a719377e
40,350c2a68-b09c-43a0-8b4d-ce028228a73c
41,f42a7b76-0517-4008-b2a9-4c69508748fc
42,fa7761a2-acf3-4df3-b63b-22cf268c37fa
43,626a4481-c8f7-4e4a-9643-a4c8d49e7882
44,7c9ed459-f24d-41f9-beba-f8dbfe10c01a
45,0a40eb9b-b114-4ab7-b99a-634aaad2430e
46,59007a8c-4252-4ba8-9a85-e6f2f70a1de6
47,34d21437-a352-4b8c-8ebf-57340db542d6
48,042cc2ee-e306-4502-8103-91221e3ba628
49,61bf72ad-8c35-42b2-96b2-a94f7be2ba0f
50,a8c58998-28e0-4d38-bd99-91109f714e65
51,c3476640-078e-492d-8e57-3b1f2965ecf7
52,c28fc10e-6819-44f0-b621-56b3b267639e
53,c21ef8d1-33e1-492e-b2f9-5c7556008a71
54,0bdd4418-8f48-4339-9ff3-1600ac97e647
55,879ba472-7275-439c-9ad7-46dc25ba2335
56,ddc2d5a8-061c-4ebe-a3b3-c8cdba624733
57,9f5944f9-31e5-4175-923d-3e203bd615ac
58,db85f35c-8725-445b-9a04-cc5b85a366a9
59,35d1f040-7cb7-42dd-9079-b6b7fc0c377f
60,e30808f4-edac-4951-b776-5b5e93fe9d8e
61,273b4835-2d23-48b5-a995-e4d4cb911d38
62,c9c297dd-3650-4eff-81b7-b40409da5184
63,bbcf1452-ab9d-47d1-9910-637b61f3c9fa
64,cee4138e-7c55-4727-acfa-d5386c380a45
65,f88fa1a0-e7d7-4bc0-a6d5-cea0af29ad3e
66,16f3896c-8636-4e46-aa7c-3248d76cae82
67,61892c26-4b6c-4a31-a127-3c6e64876b63
68,2ebeeb5a-257d-4c46-b4e2-fe6549159a9e
69,e53782fd-ea86-4d4e-9c8c-a5c7d6332fd1
70,30ba2c95-0065-4dc9-aba4-f6443f32e058
71,7975e362-4242-49fe-9323-4ca105cc74ba
72,5c488166-0b35-46e2-9d46-40a19577a4a2
73,28a66f8b-0ea6-487f-92c6-b83c3463216d
74,202fb722-d27e-4a41-80e3-84f2abf311cc
75,edf2cba0-74d6-4262-b981-5095c7a1c8cd
76,1588cb30-99ca-4d85-a574-ff850ed7cfe1
77,52ee86f8-766d-4bd1-bede-8fcf7b9140f9

79,e37904a9-a528-4d6d-bf00-bc5894deff0e
80,0f59f982-5154-4918-967d-4be8708a85d6
81,d3ad0e9e-f1a9-4bd0-81d3-07b3e8c6b355
82,404fc99d-0ec3-4503-9cf8-9f40d79a7c75
83,78907983-0d56-4f94-9eac-44e632fa17ff
84,3e514a00-6b2f-4286-b1ec-dad4f525d071
85,c6448174-8157-4a1c-bd20-5be2754ddf7c
86,ff012577-55de-41af-90fc-d0d1150a63a1
87,df1c242a-5fd1-47f9-b141-f273385b59a8
88,9db4e157-c362-4c0c-b5cf-f68b7014b1bc
89,3cffb6b9-aae5-4fe3-94eb-2f9e6361e1b5
90,a86934a6-ee49-4388-8d35-3993385c20e7
91,a9986f0d-3646-4bfd-8d99-fb7d9f5e6981
92,c85fa583-9f77-4638-be20-d8f0015dd7ba
93,46a99f9c-76d5-44b5-8fd1-01a3e850b7b1
94,96554501-911c-4299-923e-32956d8c1685
95,0a4a2b3f-4fea-435b-8e66-556402a412b3
96,babe9db6-f60c-453a-80e6-f5256927da46
97,1bb42717-855f-453a-a025-769a758248f5
98,04edb761-3600-44d9-8728-8e524a912877
99,c45b6999-bfee-46c5-802f-d60590265031
100,7625ec1a-81ba-4449-9385-cccd15c8270f
101,f41d123a-1e81-41f8-941b-2c13cf655d55
102,5512d800-b062-40e5-a9b4-d9889e93c051
103,b046361b-03b6-4f19-90a9-035673794637
104,92d3ab8c-3e34-463b-ba9e-ed0830c7d6a7
105,5be09e7a-bba0-403f-8c4c-6c9d4f32d658
106,f23baae4-0d88-45eb-8fe5-79f611e323c9
107,56c6f478-4b9b-4c35-8377-b1e1269aedef
108,4df65587-fdce-4206-9848-a6a92306827d
109,c388ba16-28c9-4af1-bec4-95ec702633a4
110,1858c247-0d3f-4843-aa29-4fc59c675885
111,0635c62a-dd20-4d16-bbc5-8a513c43c352
112,64ebfd8b-5db7-46c3-913f-51ee308edf42
113,7f9806db-7c74-47a6-8986-1d74fe42c048
114,bcb152f8-4027-4e94-9cf5-18ddd91eaf87
115,fc3012fd-1f5e-44e1-8ddc-51bea339c6cb
116,e5d4fb39-4df8-4218-869b-e8aa813cca56
117,673f085b-f537-44e1-81d8-2de9b41b91f5
118,f3753272-cef1-49e9-bd63-7396ad49f3ac
119,309bb99f-ba87-4b71-89e3-844c70f9f536
120,f0d90ece-8642-4081-b3cd-b2d4b6a0277c
121,1262010b-bdbf-4ca1-93ed-7f56579d79c4
122,044a2adb-8d08-4fea-bbf0-14028b0eab7b
123,ad2c396d-8131-44f2-bca4-de483e58ea9a
124,ddee971a-d4af-42f4-a780-83cccf41c6bb
125,893b4b4f-edb1-479a-98a1-9e415e09e532
126,f99953d3-f6ba-4dbb-b080-212d5d8dd4fc
127,31412446-ed3e-4f44-95ba-778bb6d4fcd1
128,04d21197-f8e8-45aa-b009-9e83fb71b84b
129,cb256099-2558-429d-b555-0c99b5ca055a
130,d681dc56-23fd-4701-b36a-45e921a7a24f
131,42eb4816-0171-407c-bf4e-0251340e0200
132,dfabe2f7-38db-442c-886a-709e38f57f4e
133,bd87b56c-6bc0-4f75-bba3-7c2c75b655c0
134,f5e4341f-0bc4-424e-9fef-3a51ed8d4d1a
135,d1304ee6-9266-4e28-af7f-a0d694625d30
136,05d1e248-2b73-44a4-b1bc-f93242626f52
137,41571772-fbcf-429f-9d4a-ed79159e66b4
138,26ddf82c-1ad5-4046-990a-f9e744354240
139,0e53b382-35ee-4e07-984f-16a905e6a642
140,e48241e4-b738-4e16-b5b4-759c4cddb0cd
141,d4a527b6-72ba-4ceb-b997-a47f9b174844
142,984c6bd0-4ca0-4232-8480-36cfd1c6b36f
143,ef34f01c-bd1b-44e0-a5e7-2b2991721b83
144,fb28494b-737d-4160-9f50-a18ce098c466
145,c8ba6a26-d940-41b4-9dcd-7e8cdb65f664
146,7b16cea8-08d3-4185-a7c0-b0a9a9e107f6
147,3b2d89bc-2d98-41ba-99a3-2952becb9c3e
148,cde397d6-9678-4b8e-953c-4d4b4d87a8a5
149,d69b15b4-d6f0-4da8-af2b-69d44c12599b
150,c0769499-eaec-48af-a51e-33dc3b9ee9d0
151,c1d340dd-d3cd-40a2-8cd3-5deabfd56d39
152,3494eeab-e201-4647-9093-491b55d5cc9a
153,88de403f-6db8-4ff7-879f-e6cf5e9a4594
154,67eda13f-21f9-4cc9-8ea3-4f5a4179ea39
155,e2c86c4c-1741-484f-9ab8-f3ca124325e3
156,61a9d98f-7966-4727-95a9-31cd3625ccc5
157,80c82118-018a-4dac-b617-4f8adaf53336
158,44fd1f9d-cdd7-4507-ba81-7f37278529a8
159,2ef22e58-fec7-4a89-ae50-e82fae224418
160,3ed18aec-c218-46e9-83c2-180a635a23d8
161,b685aa20-563f-45be-916c-5fb1e047528a
162,87a4afd2-0f09-4e08-a71f-a30bf312f2de
163,5958b283-6fb3-476b-9e8b-41e2f994625e
164,4e4b836a-9e72-4eb9-977f-6d38e1fe97b9
165,c373108f-76be-4c3c-94ce-2eb4944888cd
166,3b9dfb55-7f0b-44d7-897d-178066af86c2
167,e6a9461a-d34f-42b9-9015-dcffba7e5b2d
168,ae54263d-2143-4834-8f9e-82c4d06ffbee
169,d4c25a71-cb9c-4822-897d-122d401aa264
170,bd505951-3bab-42ce-84fd-6c7cf3cd0d51
171,2c5d8e3a-58c8-4840-b6cb-5b5a40b0f8d0
172,01a3a6df-12be-4366-81b9-3836f98668a4
173,3d4d6328-8102-470f-981b-9936b2fe9fdf
174,ddc193e9-b4b6-41eb-b4ce-ebe707d8cdcf
175,16e23b05-cc76-4141-808f-d28f2e65b177
176,46a232b2-8a74-4ded-bba4-24c806f939f8
177,537bf628-40bf-41c0-b937-4eaaf031953b
178,46732265-6b1a-46f3-855a-9eff106006f9
179,cd6d55e9-35c0-4b49-80a5-c94f6d181065
180,6c125cf6-e0ed-4aba-8e94-8d4d11b2c36c
181,230c3591-8e88-46eb-b098-86fd46a1fd79
182,b996a208-9dd8-48d4-9862-f65b4c22bf0d
183,acb82b4b-b721-4380-9e3f-9cd540b71b07
184,bb4b1c9d-dd4d-4fe4-9ef7-e343ad7618b6
185,cbc8c8a9-d511-4d03-970c-8bbc73ecc642
186,6d4e6ae6-0f3b-437b-a3a0-87924ce80396
187,9b28776b-f193-4d69-bf33-e616ef8ee3f9
188,126139a9-bc16-491b-91ce-e94267a9e42a
189,ca45fccb-e7cd-4c56-9e61-6bdf657e3375
190,abd05fdf-f669-4169-bb5c-ed80a197aba2
191,79834a6d-53c6-46e3-8477-6f6caf97ba07
192,379943ab-963d-4c19-b467-4b614cb85605
193,0dd8868e-e280-431c-809b-d23965b822e7
194,f06c6000-3b95-47dc-aeb0-83cd4cc1ed61
195,bd48ac0c-a666-47a7-842e-2d7c95632eb8
196,17e6b95a-bd10-4383-a390-e14437a88165
197,e5da2a94-cc8f-427f-95c6-0395da048355
198,7f7f6ae1-2602-4d37-bb6c-876fc24b4b41
199,13d62ad6-8685-4e84-9851-2472d2e71984
200,60154227-2ded-42ce-a0be-bbe2c378290d
201,fdace793-0db0-4d4b-ae8c-b6dc50673651
202,3aa31fca-fe4b-48c9-8306-7d41b63ef541
203,10c77932-79bd-4d74-9535-2e5420b64a10
204,4e59ab78-eeae-455a-8dc3-bfd80a20cce7
205,2a131a53-01aa-438c-9ff3-788b650fbe5a
206,f2eaf204-5788-4074-b2a8-d5c21a0db9ac
207,79ef2680-33f7-4363-bf89-1add49dfd95c
208,cf572fd2-0fdb-43ef-a996-ac409aae71c8
209,fbfcbf54-e95c-4232-95f8-50e76d5c2040
210,7511c84b-961a-41fa-8b6b-aa13008bff6d
211,b5fd04ec-a30d-458e-b785-d8e667269938
212,edc977d3-fba6-45ed-87bc-adeab309076c
213,06d49459-756e-4918-ac8b-9bb8e8e8bfe6
214,42c4cca8-b6fc-42a8-b40a-fc7cfc5d35ac
215,c9053a95-3a62-4b85-85c1-867e3a14444a
216,f416b989-c922-4640-9461-aee8aaa84d85
217,72297eac-911f-4368-82e3-097a732dec50
218,de3098e8-e537-45e8-8cf8-2296af5d3616
219,b63c80fd-4666-4b2e-af13-3ce6c91edf12
220,53963659-44e2-45b5-bb00-181356387a60
221,bea0a514-f839-48d4-82f8-ff91dbfbeb8c
222,88013081-8ad4-4977-85c4-5808d1badd04
223,905c934f-b7ad-4590-bebe-27f95eba5f4b
224,1d351f7d-78c8-4a3f-80ff-b69664896240
225,79c3f5e9-8b94-4dc8-b44e-62329cf9b07a
226,5a474582-f47a-4f42-bba2-cc8247bd44c9
227,1aa3863f-cbaf-4e5f-b11e-68513180169c
228,6d815524-ca9a-4fbf-9214-bf3f00eba9a0
229,219adec4-078f-4707-a865-a9e0b06f8b9e
230,5d002165-141d-420a-a254-775d726d2bfc
231,8d35705b-56e6-499e-8b89-735513ae9445
232,8e0bacac-2b56-424d-895f-0a608298f9df
233,ca6483c4-632c-49da-93ff-93415fc4e670
234,566a72ef-0a7d-4804-8a78-a5e47ef02cd6
235,50359e09-d15a-4792-958a-5a5a24efd161
236,0ba80063-8af6-4add-bf84-b04081e13e2c
237,b6068fb7-4a41-4f34-826a-ea9777776368
238,ae2ca20b-0aa5-4bee-ad6b-cf4a4e020a02
239,686bfcbb-aab3-404d-bf99-bec6b4114d7f
240,4d7eb3f2-a725-4b0c-a8f7-dae74e8a9305
241,8f0cbd11-a20b-4ef1-b414-2c1261731554
242,9dcccbaf-9c17-438a-86b9-6e72f5835a29
243,421a5850-6f8f-4416-9745-29452882a844
244,58c3bca8-fb7f-480d-a8f9-654836481b81
245,b722f388-c404-4f78-b552-63844c817412
246,d19af8d4-cd1e-4b7b-bc57-fb5609cbe527
247,1945b142-122b-4a26-bd7f-69379f4160ad
248,caf1ac43-3991-45ab-b8f2-50574a25ed33
249,074de1c2-82be-431c-8d13-c7cbccdcd354
250,d1ec18f6-bde8-4b24-8e6e-c610f3d17926
251,caa4a214-3d06-44b8-b2ef-47015749b451
252,cb274bff-d8fc-4fe1-82b7-de6bcc99acdb
253,e1049d31-4802-4701-890e-d86474e09612
254,0f889b61-3853-424e-b5eb-b2013039e5d3
255,6a100a1f-95b7-4266-ae8a-85b92882959b
256,0ac4018f-e5d2-4ede-9e9c-7e1d4d3b1cf3
257,1b95fd6b-8c64-4b9c-9502-4e4654681dff
258,a57db1ed-4e67-4573-ac04-872f1f3ad25e
259,9c3013c7-2d3c-474f-a31c-4a629f465601
260,03425d86-6550-468e-8e45-7cc3a1d01b1e
261,2a21d3eb-5eab-4720-bf13-eb91ff89cecc
262,dfb2e3b2-ae55-46c2-8a22-480abd98d396
263,48c354c9-6538-4771-8219-21c374ab5cb5
264,9104a93e-5f72-4441-a71f-9c25387ba7aa
265,cca980fa-05c3-4b4c-ac1d-a6dc3406793d
266,4c8a8f48-43d5-4e2f-a02c-97b772caa05f

1,be3869c7-8a41-46f4-939f-699d9451486b
2,09909029-f9dd-416b-8724-509d71e51a78
3,6de39a99-a20b-467e-a236-2e3aa3ddc37e
4,752edf61-683f-4247-8da2-e6c903b9b5d0
5,f843444c-4527-4c0a-8cca-0ffd6a7528fb
6,03c5424d-c82e-493f-be55-b7084edd9fe6
7,1e5f30e0-1d4b-4e47-a96d-21f6dfce3f07
8,31e487cf-ba5d-402e-bb4c-6cf04dd4beab
9,ca9d6921-b722-478e-98be-4b2f04ca4d9d
10,ade1275b-2707-49ff-84cf-9e0823853b61
11,1b784899-d51a-4e8f-911e-faadace5da4d
12,62f7fcde-cde5-4c28-888d-81a570623137
13,03c8362c-84aa-4f78-9cc5-1c4d281d5fbf
14,f6d43ae1-cf49-4d1c-9912-8423cb5a89d6
15,f7a72578-d26a-4d38-bb6c-960d7e2756f9
16,e9eab5d5-4f1a-47f6-9bf2-f652e4f925ad
17,8788502b-5ba9-4ad5-aede-0ce4f4b99a25
18,1c25412e-da5c-4a26-899d-8b3988fe28bf
19,998a4c4d-4b71-4f69-a236-689aa2e90411
20,51a2b378-37bb-479d-9ed6-ad47bf53c0ab
21,
22,666a0a5a-5a03-49e1-8b1e-cffc29282f55
23,921d6319-5911-4621-a46b-3ed568e08971
24,04547b76-b793-4cb4-8836-f4d96d7d5bae
25,5378ca73-3ca7-48b7-8606-c1584fc2cf46
26,8c5f562b-ddf5-4aa9-80dd-71e503df418a
27,a4156d44-b8eb-4a3e-b412-3d8bc0d6671e
28,626d25d0-ad5f-4f4a-b4e1-4119c1890c87
29,44efcb30-67f3-45ac-954c-9c25969cb84e
30,b608af49-1fcb-492e-b32b-4ba84de43cce
31,c854d15a-1fae-4a13-b5fe-6dfd0dcb0ffd
32,dac1018c-a4cc-4941-b3a8-1c75bcd4f9f0
33,f038ab51-bbf0-4fb6-bd23-1ce8e6443182
34,7a2ab7c7-6ec7-441e-8eee-10fc2fd36b84
35,30b71c8b-5a4c-44f9-a9d7-fda95db46b68
36,ae00b02b-db06-44fb-ae52-1f3611facc33
37,28a3207a-4bfc-47fd-bbe6-098cc81227b6
38,2d8ea733-def0-4ddf-a8b1-9c64e497f575
39,cf843485-ced4-4c8e-a6ea-89bfbbae4b5e
40,2ab1ec8e-1e5c-4b72-b774-bd7df6b86e1f
41,63ec8e2b-cc4d-450d-9c01-922fac61f223
42,9a973ba4-eb10-4631-b394-c8c0a5d352b4
43,0315b718-4bae-40e1-ba04-6bd9b9bfafeb
44,735923f9-4c40-41aa-98d3-d4f29e2e5e20
45,91f59176-3f18-432b-87fa-2904543e071d
46,3fafaf1a-baf5-4fb1-bf79-abeed7ea4b9b
47,09f797d5-0c5b-42c4-8f88-37a698c52b30
48,72893123-2aec-4f40-a5db-054ba3879f82
49,80e73054-08a7-4b4e-b3f4-4d8df58f47e0
50,8231319d-1082-4af7-9daf-8b1a889d520e
51,f61983b4-dbc8-483e-8f32-b655248c0123
52,aa02f971-bd36-4f38-a4d5-64c30684f69e
53,04766c47-54d9-476b-8659-1907a5b182d3
54,244a47c5-8d2d-4515-b90e-87606f3bb092
55,6b236014-3cc7-4112-b832-5600155a7a5b
56,5ad57281-a145-4658-8bed-45e8f3c031ab
57,66f52892-cad1-4083-ace3-ca1726f725b7
58,6f41860b-30a4-48e6-93af-9c1cb8d1ec44
59,682ca0d5-1e77-4074-936b-3782394f1bd7
60,9e8f0de5-dfe5-4358-8dfd-2f341002687e
61,06380be9-0862-4192-9cae-0e4259e3dc2f
62,a394aef9-204e-40e6-930d-8d20b13416b8
63,84408ab9-8db4-44cc-a925-41ddf4afa09c
64,a3650a98-0068-4569-891e-02c0baf8ac77
65,92a845a5-046a-4bb3-9216-06409928edad
66,3b5f620f-08c7-496e-b1ab-8d21e2e64ad1
67,847435e1-5691-4938-a522-e6b8bb0f9b8b
68,ec81a123-63b5-49e4-b604-2e1e9b881085
69,f5561b86-40f5-4cb3-b422-10168eaae599
70,fbce682c-3764-4b31-bf5d-2260fb0bde4d
71,c8bfde93-1f1a-4a7d-b692-97a6fac46fd7
72,48f32860-70d8-4078-b7cf-b4e23faa9d55
73,f7996ddf-7c8f-4e81-87d1-c00e03af30cf
74,02f0e4a5-c17c-426f-8e86-cb3daa3eebaa
75,2ce37907-1c18-47ab-aec1-2f26f5645b2f
76,93eecb1c-0162-40fb-83d1-80305ee42ca4
77,ad282388-005a-4fd1-9f49-38920e233ebd
78,0b53eb9a-dc3d-4680-a1a6-1ee780461afb
79,80aab18d-128b-4346-837d-3eadb76a9bda
80,3ad76006-fcd6-4db9-b3b4-c910c085f8eb
81,16342694-c8a1-427c-bc54-694e4680889f
82,8464a5c5-0009-4606-afdc-ae6384c10416
83,e941e11c-1ced-419e-b94e-3bdd09ff569d
84,c6435884-b825-4e0c-bf61-88a76c64bbe1
85,45d44acf-dfec-4738-a72b-ee3229ebd3c4
86,bbf4dc11-1754-4680-ae2e-305cd930ead2
87,0da58218-8711-4b6d-9780-1342f2e2ed84
88,63f07c9a-7c6a-4d29-afd3-5cbee73bb13d
89,3f511037-ef49-4dee-ad8b-eba00f927c59
90,ca881b5c-6243-4727-9e22-570882b90aa6
91,1a43b05d-33d9-4c80-8480-1818ba300ff2
92,a95b6e1f-bea4-4e85-ab7e-2156f9cff5ee
93,71946e24-70b3-4985-adae-0775242cb045
94,fe3c6d8d-aca6-4eae-9932-22a3cf854943
95,13e6171f-6a89-4fec-acee-9e01b5a4044f
96,b2e5461c-ae15-4d6d-be3e-3582ee529a0d
97,5ec9fc78-ba7b-4150-b514-f63bb85d5020
98,21214700-010c-4a4e-9529-0c0a6797592e
99,b4a909b3-eca4-43b5-b6ef-dd4a434f373c
100,57781c7d-0c5d-42a6-9144-bf1ee1ad5a93
101,1af07cc8-4f67-46a6-9f49-5cb5a1a162a2
102,410a225d-2f4a-4b01-9c6b-89d812511cc3
103,aaf79b1d-c499-4701-9445-c5d2d72db7cc
104,d4cd76d8-8ed6-4c0e-92bc-4d6fbc23ce7f
105,41407e25-700d-4854-bac9-5e6658d46288
106,2ec2c15f-90bf-49e6-928b-0037c713398c
107,ad804ca0-21a6-4bff-ae98-cb77a0413ba2
108,adeb374a-4cb4-4665-9ea7-9d223487ac58
109,8cb46710-8ad9-43c3-b24a-ce455d15dcd4
110,79ee9429-ff1f-4351-bcbd-68bdf37249b9
111,4d262499-e3a5-46d8-b261-decc37632de1
112,d4449c26-a7b4-488c-a284-0415d538beca
113,2190f587-d949-4497-a2d6-a07c2e298933
114,0677ab0b-20b6-4ec1-82f3-6b0d7633f63f
115,4bb1a296-4b08-4e06-8923-8a6ecd1ac400
116,583febbe-6756-441b-b27b-64f689426ec9
117,80a2c736-05d3-4640-9c8b-e10b8b555e0b
118,4802e529-4746-4edd-a676-c6108e3b4409
119,3257f4d9-6fd5-42bc-948b-ba1b201d705f
120,264bb59d-36a5-43eb-8659-e694aee05654
121,5d4b4e2b-b244-472d-81a2-5a7312941a8a
122,d80333ac-dfaf-407a-8b58-3e729f81998f
123,37ddb43e-2f15-453d-80b3-f715d9069fdc
124,c1d3ba2f-814b-4a83-8558-56acec4fc5cc
125,59ec34c6-e9ad-4a2b-999a-147be78b98b0
126,f435cbed-9da5-455f-b081-77673892fec0
127,931a6a3a-00b7-4584-aaab-d683de0715b0
128,d07e9754-f4ce-404b-99a2-a9c04a8c99da
129,6cf5b0d5-65b3-479b-81f2-0dda1df46ef9
130,dad7f5d7-8e3a-4427-adf3-84b4ff7d74f5
131,fe53c011-60aa-4adc-99e9-b9e2f02bbeee
132,5c9eb5d3-666a-4824-8d20-5ad40e964e76
133,67a30ec3-93a3-44af-bc35-527963926169
134,47d58d7e-194f-4f25-bb8b-dd7815077008
135,7ec41a1c-d832-479b-b59a-fb2a6485091f
136,1a34d88b-c3b7-4610-b441-67d222e1aa6e
137,70d3c9c2-68dc-440b-aae5-090b5f5c7adb
138,3951cea7-064a-4bd9-9162-6071fd641a0d
139,3e50b3af-86b6-484c-8d63-c47016e86031
140,db1374cc-97ad-41cd-8cea-fdc6830e6ba9
141,6703bc9a-9458-438f-8f6c-ab1731550870
142,13b2fb50-c597-438a-b739-122b71389757
143,16addb51-ff12-448e-a067-2d55174bed27
144,51dc7a28-c699-4ba8-8292-5bdbacad1a27
145,4f6b8384-b2ab-44b0-9994-a4ad99d4192a
146,8d9b23e1-1059-4d5e-8c78-f59f6d9138a3
147,14918fc5-48e3-4edf-adb2-a5f26f36d7d1
148,40c9347e-366c-4ab0-b7ea-68c112e30683
149,f6bcf71d-1028-46c4-ac33-fe197e108837
150,a2e77436-2b83-4420-b5cc-740bf570ab38
151,5a04b3e3-4dff-4c3d-be7e-8c6077e8d7bf
152,c3b3f279-7087-4e3b-ae80-bd6bbcab1949
153,f69604c8-4b24-48e9-bf7d-1772b35809f9
154,6654086d-2c7a-4078-9e04-ce94648ec9fb
155,d24a8696-b4a4-4328-a05a-d7da485330b3
156,1fa47ded-e4f2-442f-bc92-70b1cf26585d
157,0e7c3d60-1e43-4989-b752-f9fb7fe18359
158,7423254b-0fd2-442d-a4a1-b914a96e0f32
159,191d381c-acd0-4c2c-b4dc-ddce328b386d
160,04a4a91a-27b3-4e0b-ac2a-9e3e8f8cdba7
161,68173545-c24c-4a2c-8746-4bfc0b10d9ec
162,52e48d6a-a1fa-4ad2-9cb0-967847f52393
163,3c0467cf-35a2-43bd-a588-8ce592281bf5
164,79a22745-e82c-42ee-8498-712e13c60623
165,2cbdfc49-46bb-4512-99c8-7d85ff766f56
166,69d256da-98dd-4ca3-8be0-57460b9fbfb2
167,882e3e04-e328-4c89-9b21-c20afb28cf45
168,08e79c3e-5433-41ea-81f1-500bec183b0a
169,a95f5534-7391-4641-9283-4912d6e354ed

1,65d9c97b-17e8-4251-a947-968594601032
2,d8a21242-f1ae-4cf5-a3c7-caf042e172b4
3,3cd1889c-308b-4922-90c6-15b03cb0f322
4,ee28fdf5-d1f5-4216-b0d7-e5d7b02a7a05
5,94852367-a5a6-4d67-8496-a086975fddb7
6,79631dc8-551d-4606-8207-0298316647cc
7,a1a216e4-d93c-4e54-a8c3-851a4943033d
8,2e5c02a0-9d0f-407f-be8e-cf48fb9e0a85
9,6070aab3-acec-4f0a-8aa2-ee5503f54955
10,1ce1ca09-5e6e-4a06-adfe-f740cdec2e10
11,dc017c89-204d-4e99-b4fd-1c273753542e
12,c83e1ddd-ae80-4a02-b158-c2375406ac1f
13,70e8e7e7-a668-4cf8-80b6-3eaa3a15b880
14,de6b6dc2-f516-4849-bb93-9d69d8cfbe50
15,e407d31d-29c6-4f0b-8170-4be62b4524cf
16,23c78674-ef8c-4686-ad82-0ddc3486f9f7
17,35b09e1c-d60d-4607-ba37-5dc8563eea02
18,68a8e836-a215-40a4-9b5a-4162faf7f6ff
19,e7bde0b0-a0ec-4d60-a0d4-5edf70835b0d
20,6855c35e-4664-484a-a662-418f4a951fc7
21,d574b24c-5856-4224-9c1e-5cba1d931a29
22,76e57216-3758-44e0-806a-b791aabd0a03
23,24b7ffcd-600d-4ec4-a32f-f88bca81188d
24,68ecd0d3-1169-496e-b7be-570be44e67ba
25,6ecec770-f19e-4123-9cd7-b4868242b49d
26,a44874bc-1b3d-4b53-8606-e4b7f507566b
27,d01a9e2c-f11e-4be2-955f-b9af1c25f9e1
28,6811cf81-e4b6-460b-beed-b1316ad83ff4
29,f78ef331-ce10-4cf5-93fb-6acf54955761
30,4e785755-1b11-4223-b2ab-a7dc3bc2de72
31,f114c6ed-65d5-40aa-ad54-7a78bcf8d13d
32,7986e60c-d7b7-41b9-aebc-16e756a77508
33,234d65ca-97d6-4689-9627-e15f07c4fba4
34,7f0e9828-3ab4-449f-843c-439c89ea66f7
35,c8453b42-9186-43b9-9058-4bbc1bb994b2
36,55308f50-b659-4bbc-b89d-8544a518c444
37,284e6914-fc2b-4b49-b3a6-7f788e8f461a
38,3b2b8ebe-cd6c-45b1-9f06-1d2cff9a4c18
39,569d7984-d213-41ab-8e56-5a6a557da1b2
40,c82f5532-1c1f-40fc-acd2-940a1da11b87
41,ca5c29a7-e464-4512-a887-b55bb2eeeaba
42,3866e07b-3fe2-40a0-9109-82daff384fff
43,7ccddc67-e25d-4744-b233-59068c07ffdf
44,ffe06836-276d-4dce-a49f-7be76901c47a
45,15bcf3bb-33d3-41eb-912d-b2a893dd0b1f
46,f45111ff-bb10-44fc-bfc8-1bd090f23c7a
47,bbcd8663-a8b8-4819-9e32-fca644c1716a
48,f326c0c7-6c8b-4abc-8644-463e4a318296
49,2d3069d5-c7ec-48f1-82be-c2309e135312
50,67fc9c99-77fb-4353-a243-9f2edd024dc0
51,b601e5d5-cb23-4149-b2cb-7ce9cbdcdde4
52,1580b97e-4737-4f05-ae1a-6bd2dd84d53d
53,7a94fe15-162a-46c1-8d1b-0265acbdeddb
54,e25c7a18-d6eb-4fc6-b749-07544740bd23
55,071ccbe5-e378-4958-903e-856903e72ebb
56,58320ec3-dd90-409d-8c13-2015b2a07561
57,66558dbc-af5b-4d4d-a401-0519fc39aa0a
58,8b61c587-e458-451c-bc7f-5d872c703bea
59,69d06bbe-c8ca-46bc-8305-e15390ca9782
60,beb55ab4-47b3-413a-a35d-43402b00db86
